episode,return,G_val,baseline,total_rate,val_rate,rate_per_client,val_rate_per_client,loss,entropy,grad_norm,sec
1,4759.86279296875,98.64901733398438,4759.86279296875,218429.7695274353,156641.11266326904,75.50285846091784,51.98842106314937,-0.019642004743218422,2.1797738075256348,0.1453290581703186,6.910428762435913
2,4566.45947265625,95.10324096679688,4757.928759765625,195704.44082832336,150805.38881111145,72.42947476991982,51.91235415184559,-0.010555160231888294,2.1782422065734863,0.16006481647491455,6.701014041900635
