episode,return,G_val,baseline,total_rate,val_rate,loss,entropy,grad_norm,sec
1,1.5034955739974976,0.889235258102417,1.5034955739974976,1505.8808555603027,890.7113952636719,-0.09883912652730942,9.883913040161133,0.12187933921813965,0.18590402603149414
2,2.0856313705444336,,1.532602310180664,2089.9541988372803,,41.87376403808594,9.635612487792969,65.45785522460938,0.022352933883666992
3,2.374429702758789,,1.5746936798095703,2379.2464933395386,,38.849212646484375,10.981693267822266,4.0962910652160645,0.02109694480895996
4,1.1634113788604736,,1.5541294813156128,1165.462734222412,,-14.114304542541504,9.836268424987793,68.68496704101562,0.024107933044433594
5,1.1784896850585938,,1.5353474617004395,1180.2305431365967,,-41.36977767944336,9.609001159667969,92.66205596923828,0.02325916290283203
